{"cameraMode":{"drawMode":2,"name":"Shaded Wireframe","section":"Shading Mode"},"sceneLighting":false,"audioPlay":false,"sceneViewState":{"m_AlwaysRefresh":true,"showFog":true,"showSkybox":false,"showFlares":true,"showImageEffects":true,"showParticleSystems":true,"showVisualEffectGraphs":true,"m_FxEnabled":true},"in2DMode":false,"pivot":{"x":0.013363033533096314,"y":0.7728960514068604,"z":-0.016083985567092897},"rotation":{"x":0.27201610803604128,"y":-0.5451058149337769,"z":0.19276246428489686,"w":0.7692313194274902},"size":0.9187781810760498,"orthographic":false}