{"cameraMode":{"drawMode":0,"name":"Shaded","section":"Shading Mode"},"sceneLighting":false,"audioPlay":false,"sceneViewState":{"m_AlwaysRefresh":false,"showFog":true,"showSkybox":true,"showFlares":true,"showImageEffects":true,"showParticleSystems":true,"showVisualEffectGraphs":true,"m_FxEnabled":true},"in2DMode":false,"pivot":{"x":0.09347933530807495,"y":-1.0017585754394532,"z":0.7528047561645508},"rotation":{"x":0.3172185719013214,"y":-0.05685554817318916,"z":0.019055979326367379,"w":0.946455180644989},"size":3.713860034942627,"orthographic":false}