{"cameraMode":{"drawMode":0,"name":"Shaded","section":"Shading Mode"},"sceneLighting":true,"audioPlay":false,"sceneViewState":{"m_AlwaysRefresh":false,"showFog":true,"showSkybox":true,"showFlares":true,"showImageEffects":true,"showParticleSystems":true,"showVisualEffectGraphs":true,"m_FxEnabled":true},"in2DMode":false,"pivot":{"x":-0.37453600764274599,"y":2.7238855361938478,"z":-1.0685079097747803},"rotation":{"x":0.29441818594932558,"y":-0.08243845403194428,"z":0.025501223281025888,"w":0.9517736434936523},"size":1.3975895643234254,"orthographic":false}