{"cameraMode":{"drawMode":0,"name":"Shaded","section":"Shading Mode"},"sceneLighting":true,"audioPlay":false,"sceneViewState":{"m_AlwaysRefresh":false,"showFog":true,"showSkybox":true,"showFlares":true,"showImageEffects":true,"showParticleSystems":true,"showVisualEffectGraphs":true,"m_FxEnabled":true},"in2DMode":false,"pivot":{"x":0.045709215104579929,"y":1.0914424657821656,"z":-10.000080108642579},"rotation":{"x":-0.013789846561849118,"y":0.006294999737292528,"z":0.00008714984869584441,"w":0.9998898506164551},"size":1.3198014497756959,"orthographic":false}