{"cameraMode":{"drawMode":0,"name":"Shaded","section":"Shading Mode"},"sceneLighting":false,"audioPlay":false,"sceneViewState":{"m_AlwaysRefresh":false,"showFog":true,"showSkybox":true,"showFlares":true,"showImageEffects":true,"showParticleSystems":true,"showVisualEffectGraphs":true,"m_FxEnabled":true},"in2DMode":false,"pivot":{"x":-0.0571446418762207,"y":-8.436531066894532,"z":-0.8192493915557861},"rotation":{"x":0.41168975830078127,"y":0.10758351534605026,"z":-0.04901489242911339,"w":0.9036237001419067},"size":11.695107460021973,"orthographic":false}