{"cameraMode":{"drawMode":0,"name":"Shaded","section":"Shading Mode"},"sceneLighting":false,"audioPlay":false,"sceneViewState":{"m_AlwaysRefresh":false,"showFog":true,"showSkybox":true,"showFlares":true,"showImageEffects":true,"showParticleSystems":true,"showVisualEffectGraphs":true,"m_FxEnabled":true},"in2DMode":false,"pivot":{"x":-4.2190728187561039,"y":16.50505828857422,"z":-9.061567306518555},"rotation":{"x":0.41168975830078127,"y":0.10758351534605026,"z":-0.04901489242911339,"w":0.9036237001419067},"size":0.09125560522079468,"orthographic":false}